season,three_in_a_row,pct
2010,180,0.3857677902621723
2011,180,0.36704119850187267
2012,171,0.36704119850187267
2013,211,0.42023346303501946
2014,188,0.3970037453183521
2015,197,0.45318352059925093
2016,248,0.449438202247191
2017,222,0.45318352059925093
2018,255,0.50187265917603
2019,241,0.49063670411985016
2020,319,0.5390334572490706
2021,289,0.5578947368421052
2022,267,0.48056537102473496
